"","cov.space.logit","cov.prey.rich","cov.chiton.ln","cov.urchin.ln"
"space.logit",1.78002829688024,-1.85486758987543,1.25419327359543,0.567173988903415
"prey.rich",-1.85486758987543,12.7839505847596,-1.48780795671296,-1.09114766511265
"chiton.ln",1.25419327359543,-1.48780795671296,2.03213900752036,0.520866337973033
"urchin.ln",0.567173988903415,-1.09114766511265,0.520866337973033,0.63850893168044
