"","cov.space.logit","cov.prey.rich","cov.chiton.ln","cov.urchin.ln"
"space.logit",1.0588119444876,-2.07185787141454,0.434552572797211,0.795709455373648
"prey.rich",-2.07185787141454,19.6910153973771,-0.820936893253207,-0.67060015394541
"chiton.ln",0.434552572797211,-0.820936893253207,0.454854514118334,0.328275650586537
"urchin.ln",0.795709455373648,-0.67060015394541,0.328275650586537,1.15042175483504
