"","survey.cov.space.logit","survey.cov.prey.rich","survey.cov.chiton.ln","survey.cov.urchin.ln","survey.mean","expt.cov.space.logit","expt.cov.prey.rich","expt.cov.chiton.ln","expt.cov.urchin.ln","expt.mean"
"space.logit",1.6496022165902,-1.57462853357808,1.01980442454806,0.45790444056958,-1.54380087831715,1.07206485693923,-2.14062106415711,0.445897531993483,0.825020925988324,-0.809672231209647
"prey.rich",-1.57462853357808,12.3270996884877,-1.3855536906998,-0.572025408161879,12.2222223111545,-2.14062106415711,19.796602697887,-0.579998212470321,-1.03063628591051,14.6481481084513
"chiton.ln",1.01980442454806,-1.3855536906998,1.8289122401296,0.206171180235162,1.36754126862454,0.445897531993483,-0.579998212470321,0.482745829099581,0.371465141980585,2.98651204168523
"urchin.ln",0.45790444056958,-0.572025408161879,0.206171180235162,0.63850893168044,-1.13321693755556,0.825020925988324,-1.03063628591051,0.371465141980585,1.15042175483504,-0.154158474055556
